Nome;Vagas;Status;URL;Início;Fim
MPU;152;Aberto;https://concursosnobrasil.com/concursos/br/2025/01/08/concurso-mpu-2025/;13/01/2025;27/02/2025
AEB;30;Aberto;https://concursosnobrasil.com/concursos/df/2024/12/30/concurso-aeb-edital-com-remuneracao-de-ate-r-108-mil/;29/01/2025;19/02/2025
CAESB;303;Aberto;https://concursosnobrasil.com/concursos/df/2024/11/21/concurso-caesb-df-saiu-edital-com-303-vagas-ate-r-119-mil/;5/02/2025;24/02/2025
CFBio;95;Aberto;https://concursosnobrasil.com/concursos/df/2024/12/23/concurso-cfbio/;23/12/2025;10/02/2025
CRC DF;3;Aberto;https://concursosnobrasil.com/concursos/df/2025/01/17/concurso-crc-df-vagas-para-medio-e-superior-ate-r-43-mil/;22/01/2025;17/03/2025
IGESDF;Várias;Aberto;https://concursosnobrasil.com/concursos/df/2025/01/27/igesdf-esta-com-edital-de-seletivo-aberto-nivel-medio/;27/01/2025;2/02/2025
Marinha CFN;1.680;Aberto;https://concursosnobrasil.com/concursos/br/2025/01/17/concurso-marinha-abre-edital-com-1-680-vagas-para-o-cfn/;21/01/2025;07/03/2025
Prevfogo;3;Aberto;https://concursosnobrasil.com/concursos/df/2025/01/21/processo-seletivo-prevfogo/;31/01/2025;31/01/2025
SEEDF;25;Aberto;https://concursosnobrasil.com/concursos/df/2025/01/21/processo-seletivo-seedf-2/;01/02/2025;15/02/2025
UnB;1;Aberto;https://concursosnobrasil.com/concursos/df/2025/01/02/concurso-unb-df-vaga-disponivel-e-paga-r-104-mil-mensais/;6/01/2025;7/02/2025
UnB DF;1;Aberto;https://concursosnobrasil.com/concursos/df/2024/12/24/concurso-unb-df-oferece-r-104-mil-em-novo-edital/;Unavailable;Unavailable
Banco do Brasil;7.200;Previsto;https://concursosnobrasil.com/concursos/2025/01/23/concurso-banco-do-brasil-bb/;Unavailable;Unavailable
CNU 2025;Várias;Previsto;https://concursosnobrasil.com/concursos/br/2025/01/15/concurso-cnu-2025/;Unavailable;Unavailable
INSS;Várias;Previsto;https://concursosnobrasil.com/concursos/2025/01/14/concurso-inss/;09/01/2025;16/02/2025
Receita Federal;Várias;Previsto;https://concursosnobrasil.com/concursos/2024/08/28/concurso-receita-federal-previsto/;Unavailable;Unavailable
ANM;220;Previsto;https://concursosnobrasil.com/concursos/2024/07/16/concurso-anm-e-autorizado-pelo-governo-220-vagas-previstas/;Unavailable;Unavailable
ANPD;213;Previsto;https://concursosnobrasil.com/concursos/2024/11/21/anpd-abrira-213-vagas-em-processo-seletivo-ate-r-9-mil/;Unavailable;Unavailable
BNDES;Várias;Previsto;https://concursosnobrasil.com/concursos/2024/09/16/concurso-bndes-nivel-medio/;Unavailable;Unavailable
Bombeiros DF;356;Previsto;https://concursosnobrasil.com/concursos/df/2024/06/20/concurso-bombeiros-df-2024/;Unavailable;Unavailable
CNEN;150;Previsto;https://concursosnobrasil.com/concursos/br/2025/01/15/concurso-cnen-2025/;Unavailable;Unavailable
CONFERE;88;Previsto;https://concursosnobrasil.com/concurso/concurso-confere-previsto/;Unavailable;Unavailable
Defensoria Pública DF;7;Previsto;https://concursosnobrasil.com/concursos/df/2024/04/03/concurso-defensoria-publica-df/;12/06/2023;12/06/2023
Detran DF;182;Previsto;https://concursosnobrasil.com/concursos/previstos/2024/06/17/concurso-detran-df-2024/;Unavailable;Unavailable
FUNAP - Fundação de Amparo ao Trabalhador Preso do Distrito Federal;Várias;Previsto;https://concursosnobrasil.com/concursos/2024/08/05/concurso-funap-df-primeiro-concurso-publico-em-breve/;Unavailable;Unavailable
Marinha;11;Previsto;https://concursosnobrasil.com/concursos/2024/05/16/concurso-marinha-cp-qtpa-2024/;09/07/2024;31/07/2024
PC DF;315;Previsto;https://concursosnobrasil.com/concursos/2024/12/19/previsto-concurso-pc-df/;12/11/2024;12/11/2024
PMDF;147;Previsto;https://concursosnobrasil.com/concursos/2024/04/23/concurso-pmdf-previsto/;Unavailable;Unavailable
SEDES DF;1.197;Previsto;https://concursosnobrasil.com/concursos/df/2024/05/13/concurso-sedesdf/;Unavailable;Unavailable
SEDF;Várias;Previsto;https://concursosnobrasil.com/concursos/df/2024/04/21/concurso-sedf-previsto/;Unavailable;Unavailable
SEDF;Várias;Previsto;https://concursosnobrasil.com/concursos/2024/07/04/concurso-sedf-secretaria-afirma-preparacao-de-novo-edital/;Unavailable;Unavailable
SEFAZ - DF;265;Previsto;https://concursosnobrasil.com/concursos/2024/11/04/concurso-sefaz-df-solicitado-265-vagas-previstas/;Unavailable;Unavailable
SEPLAD DF;723;Previsto;https://concursosnobrasil.com/concursos/2024/07/11/concurso-seplad-df/;8/02/2023;22/02/2023
